first_name,last_name,email,country
Marie,Bennett,mbennett0@scribd.com,France
Thomas,Simmons,tsimmons1@spotify.com,Russia
Sharon,Holmes,sholmes2@odnoklassniki.ru,Portugal
Joan,Bell,jbell3@ehow.com,Portugal
Patricia,Garrett,pgarrett4@yahoo.co.jp,Syria
Lisa,Collins,lcollins5@reverbnation.com,Russia
Sharon,Gilbert,sgilbert6@comsenz.com,China
Samuel,Mendoza,smendoza7@icio.us,Finland
Jonathan,Freeman,jfreeman8@drupal.org,China
Justin,Morris,jmorris9@salon.com,Portugal
Adam,Harris,aharrisa@amazon.co.uk,China
Sara,Chapman,schapmanb@google.es,Russia
Heather,Collins,hcollinsc@home.pl,Central African Republic
Michelle,Wallace,mwallaced@marriott.com,Greece
Antonio,Murphy,amurphye@hud.gov,Morocco
Paul,Morrison,pmorrisonf@arizona.edu,Portugal
Albert,Campbell,acampbellg@netvibes.com,Myanmar
Kathleen,Gordon,kgordonh@meetup.com,Brazil
Lisa,Fowler,lfowleri@craigslist.org,Indonesia
Brandon,Jones,bjonesj@newsvine.com,Ukraine
Irene,Lawrence,ilawrencek@microsoft.com,China
Judy,Burke,jburkel@nsw.gov.au,China
Scott,Willis,swillism@intel.com,Russia
Annie,Adams,aadamsn@alexa.com,Mauritius
Billy,Ellis,belliso@themeforest.net,China
Juan,Mills,jmillsp@jiathis.com,France
Alan,Stone,astoneq@irs.gov,Vietnam
Timothy,Grant,tgrantr@chicagotribune.com,Syria
Lisa,Parker,lparkers@usgs.gov,Azerbaijan
Paula,Garza,pgarzat@miitbeian.gov.cn,Peru
Scott,Peterson,spetersonu@discovery.com,Bulgaria
Andrew,Myers,amyersv@berkeley.edu,Portugal
Jeffrey,Henderson,jhendersonw@wikia.com,United States
Marilyn,Henry,mhenryx@w3.org,Russia
Michael,Stone,mstoney@tinypic.com,Bangladesh
Russell,Hicks,rhicksz@google.cn,Kosovo
Dorothy,James,djames10@geocities.com,China
Nicholas,Dunn,ndunn11@github.io,China
Douglas,Bradley,dbradley12@opensource.org,Indonesia
Helen,Price,hprice13@pcworld.com,Botswana
Joshua,Gibson,jgibson14@hubpages.com,China
Alice,Chavez,achavez15@homestead.com,Moldova
Sandra,Morgan,smorgan16@who.int,Sweden
Samuel,Harrison,sharrison17@dagondesign.com,Tanzania
Frances,Franklin,ffranklin18@accuweather.com,China
Thomas,Washington,twashington19@mtv.com,Russia
Andrea,Montgomery,amontgomery1a@simplemachines.org,Ukraine
Deborah,Richards,drichards1b@feedburner.com,China
Bonnie,Chavez,bchavez1c@yellowbook.com,Latvia
Jeremy,Morrison,jmorrison1d@harvard.edu,Uganda
Sharon,Williamson,swilliamson1e@mit.edu,Sweden
Teresa,Fisher,tfisher1f@t.co,Brazil
Raymond,Ellis,rellis1g@forbes.com,Indonesia
Diane,Duncan,dduncan1h@flickr.com,China
Richard,Martin,rmartin1i@spotify.com,France
Daniel,Stephens,dstephens1j@sogou.com,Greece
Nancy,Matthews,nmatthews1k@comcast.net,Indonesia
Pamela,Lynch,plynch1l@weather.com,Brazil
Walter,Ryan,wryan1m@sina.com.cn,Brazil
Carlos,Nguyen,cnguyen1n@census.gov,China
Norma,Phillips,nphillips1o@dmoz.org,China
Brandon,Martinez,bmartinez1p@live.com,China
Mildred,Hughes,mhughes1q@fastcompany.com,Egypt
Dorothy,Parker,dparker1r@goo.gl,South Korea
Kathryn,Garcia,kgarcia1s@w3.org,Sweden
Albert,Bowman,abowman1t@tripadvisor.com,Poland
Louise,Harper,lharper1u@canalblog.com,Indonesia
Frances,Jacobs,fjacobs1v@addthis.com,China
Clarence,Myers,cmyers1w@usatoday.com,China
Betty,Clark,bclark1x@mozilla.org,Slovenia
Heather,Harrison,hharrison1y@reference.com,China
Matthew,Larson,mlarson1z@bing.com,Panama
Lois,Oliver,loliver20@nhs.uk,Brazil
Harold,Knight,hknight21@statcounter.com,Russia
Lois,White,lwhite22@dyndns.org,Indonesia
Keith,Chavez,kchavez23@house.gov,Greece
Stephen,Scott,sscott24@bloomberg.com,Peru
Harry,Marshall,hmarshall25@nhs.uk,China
Patrick,Thompson,pthompson26@arizona.edu,Greece
Brian,Lee,blee27@tumblr.com,Myanmar
Jesse,West,jwest28@paginegialle.it,China
Kathryn,Oliver,koliver29@imageshack.us,South Korea
Doris,Bryant,dbryant2a@washington.edu,Peru
Jeffrey,Reyes,jreyes2b@artisteer.com,Russia
Sandra,Shaw,sshaw2c@scribd.com,China
Jacqueline,Long,jlong2d@live.com,China
Eugene,Matthews,ematthews2e@dot.gov,Finland
Roger,Ryan,rryan2f@arizona.edu,Poland
Brandon,Harvey,bharvey2g@drupal.org,Peru
Rebecca,Ray,rray2h@google.com.hk,Spain
Robin,Washington,rwashington2i@bing.com,China
Craig,Payne,cpayne2j@weather.com,Indonesia
Eugene,Kim,ekim2k@mozilla.org,South Korea
Lillian,Gray,lgray2l@msu.edu,China
Steven,Nguyen,snguyen2m@geocities.jp,Portugal
Harry,Carroll,hcarroll2n@cargocollective.com,Ukraine
Brandon,Jordan,bjordan2o@godaddy.com,Yemen
Daniel,Wood,dwood2p@yahoo.com,China
Brian,Kim,bkim2q@themeforest.net,China
Gerald,Burton,gburton2r@yellowbook.com,Thailand
